<?xml version="1.0"?>
<edge_devices>
    <datacenter arch="x86" os="Linux" vmm="Xen">
        <costPerBw>0.1</costPerBw>
        <costPerSec>3.0</costPerSec>
        <costPerMem>0.05</costPerMem>
        <costPerStorage>0.1</costPerStorage>
        <location>
            <x_pos>1</x_pos>
            <y_pos>1</y_pos>
            <wlan_id>0</wlan_id>
            <attractiveness>1</attractiveness>
        </location>
        <hosts>
            <host>
                <core>2</core>
                <mips>3800</mips>
                <ram>1000</ram>
                <storage>8000</storage>
                <VMs>
                    <VM vmm="Xen">
                        <core>1</core>
                        <mips>1500</mips>
                        <ram>300</ram>
                        <storage>2000</storage>
                    </VM>
                    <VM vmm="Xen">
                        <core>1</core>
                        <mips>1500</mips>
                        <ram>300</ram>
                        <storage>2000</storage>
                    </VM>
                </VMs>
            </host>
        </hosts>
    </datacenter>
    <datacenter arch="x86" os="Linux" vmm="Xen">
        <costPerBw>0.1</costPerBw>
        <costPerSec>3.0</costPerSec>
        <costPerMem>0.05</costPerMem>
        <costPerStorage>0.1</costPerStorage>
        <location>
            <x_pos>2</x_pos>
            <y_pos>2</y_pos>
            <wlan_id>1</wlan_id>
            <attractiveness>1</attractiveness>
        </location>
        <hosts>
            <host>
                <core>2</core>
                <mips>3800</mips>
                <ram>1000</ram>
                <storage>8000</storage>
                <VMs>
                    <VM vmm="Xen">
                        <core>1</core>
                        <mips>1500</mips>
                        <ram>300</ram>
                        <storage>2000</storage>
                    </VM>
                    <VM vmm="Xen">
                        <core>1</core>
                        <mips>1500</mips>
                        <ram>300</ram>
                        <storage>2000</storage>
                    </VM>
                </VMs>
            </host>
        </hosts>
    </datacenter>
    <datacenter arch="x86" os="Linux" vmm="Xen">
        <costPerBw>0.1</costPerBw>
        <costPerSec>3.0</costPerSec>
        <costPerMem>0.05</costPerMem>
        <costPerStorage>0.1</costPerStorage>
        <location>
            <x_pos>3</x_pos>
            <y_pos>3</y_pos>
            <wlan_id>2</wlan_id>
            <attractiveness>1</attractiveness>
        </location>
        <hosts>
            <host>
                <core>4</core>
                <mips>9600</mips>
                <ram>2000</ram>
                <storage>8000</storage>
                <VMs>
                    <VM vmm="Xen">
                        <core>1</core>
                        <mips>2400</mips>
                        <ram>500</ram>
                        <storage>2000</storage>
                    </VM>
                    <VM vmm="Xen">
                        <core>1</core>
                        <mips>2400</mips>
                        <ram>500</ram>
                        <storage>2000</storage>
                    </VM>
                    <VM vmm="Xen">
                    	<core>1</core>
                    	<mips>2400</mips>
                    	<ram>500</ram>
                    	<storage>2000</storage></VM>
                    <VM vmm="Xen">
                    	<core>1</core>
                    	<mips>2400</mips>
                    	<ram>500</ram>
                    	<storage>2000</storage></VM>
                </VMs>
            </host>
        </hosts>
    </datacenter>
    <datacenter arch="x86" os="Linux" vmm="Xen">
        <costPerBw>0.1</costPerBw>
        <costPerSec>3.0</costPerSec>
        <costPerMem>0.05</costPerMem>
        <costPerStorage>0.1</costPerStorage>
        <location>
            <x_pos>4</x_pos>
            <y_pos>4</y_pos>
            <wlan_id>3</wlan_id>
            <attractiveness>1</attractiveness>
        </location>
        <hosts>
            <host>
                <core>4</core>
                <mips>9600</mips>
                <ram>2000</ram>
                <storage>8000</storage>
                <VMs>
                    <VM vmm="Xen">
                        <core>1</core>
                        <mips>2400</mips>
                        <ram>500</ram>
                        <storage>2000</storage>
                    </VM>
                    <VM vmm="Xen">
                        <core>1</core>
                        <mips>2400</mips>
                        <ram>500</ram>
                        <storage>2000</storage>
                    </VM>
                    <VM vmm="Xen">
                    	<core>1</core>
                    	<mips>2400</mips>
                    	<ram>500</ram>
                    	<storage>2000</storage></VM>
                    <VM vmm="Xen">
                    	<core>1</core>
                    	<mips>2400</mips>
                    	<ram>500</ram>
                    	<storage>2000</storage></VM>
                </VMs>
            </host>
        </hosts>
    </datacenter>
    <datacenter arch="x86" os="Linux" vmm="Xen">
        <costPerBw>0.1</costPerBw>
        <costPerSec>3.0</costPerSec>
        <costPerMem>0.05</costPerMem>
        <costPerStorage>0.1</costPerStorage>
        <location>
            <x_pos>5</x_pos>
            <y_pos>5</y_pos>
            <wlan_id>4</wlan_id>
            <attractiveness>1</attractiveness>
        </location>
        <hosts>
            <host>
                <core>2</core>
                <mips>3800</mips>
                <ram>1000</ram>
                <storage>8000</storage>
                <VMs>
                    <VM vmm="Xen">
                        <core>1</core>
                        <mips>1500</mips>
                        <ram>300</ram>
                        <storage>2000</storage>
                    </VM>
                    <VM vmm="Xen">
                        <core>1</core>
                        <mips>1500</mips>
                        <ram>300</ram>
                        <storage>2000</storage>
                    </VM>
                </VMs>
            </host>
        </hosts>
    </datacenter>
    <datacenter arch="x86" os="Linux" vmm="Xen">
        <costPerBw>0.1</costPerBw>
        <costPerSec>3.0</costPerSec>
        <costPerMem>0.05</costPerMem>
        <costPerStorage>0.1</costPerStorage>
        <location>
            <x_pos>6</x_pos>
            <y_pos>6</y_pos>
            <wlan_id>5</wlan_id>
            <attractiveness>1</attractiveness>
        </location>
        <hosts>
            <host>
                <core>4</core>
                <mips>9600</mips>
                <ram>2000</ram>
                <storage>8000</storage>
                <VMs>
                    <VM vmm="Xen">
                        <core>1</core>
                        <mips>2400</mips>
                        <ram>500</ram>
                        <storage>2000</storage>
                    </VM>
                    <VM vmm="Xen">
                        <core>1</core>
                        <mips>2400</mips>
                        <ram>500</ram>
                        <storage>2000</storage>
                    </VM>
                    <VM vmm="Xen">
                    	<core>1</core>
                    	<mips>2400</mips>
                    	<ram>500</ram>
                    	<storage>2000</storage></VM>
                    <VM vmm="Xen">
                    	<core>1</core>
                    	<mips>2400</mips>
                    	<ram>500</ram>
                    	<storage>2000</storage></VM>
                </VMs>
            </host>
        </hosts>
    </datacenter>
    <datacenter arch="x86" os="Linux" vmm="Xen">
        <costPerBw>0.1</costPerBw>
        <costPerSec>3.0</costPerSec>
        <costPerMem>0.05</costPerMem>
        <costPerStorage>0.1</costPerStorage>
        <location>
            <x_pos>7</x_pos>
            <y_pos>7</y_pos>
            <wlan_id>6</wlan_id>
            <attractiveness>1</attractiveness>
        </location>
        <hosts>
            <host>
                <core>2</core>
                <mips>3800</mips>
                <ram>1000</ram>
                <storage>8000</storage>
                <VMs>
                    <VM vmm="Xen">
                        <core>1</core>
                        <mips>1500</mips>
                        <ram>300</ram>
                        <storage>2000</storage>
                    </VM>
                    <VM vmm="Xen">
                        <core>1</core>
                        <mips>1500</mips>
                        <ram>300</ram>
                        <storage>2000</storage>
                    </VM>
                </VMs>
            </host>
        </hosts>
    </datacenter>
    <datacenter arch="x86" os="Linux" vmm="Xen">
        <costPerBw>0.1</costPerBw>
        <costPerSec>3.0</costPerSec>
        <costPerMem>0.05</costPerMem>
        <costPerStorage>0.1</costPerStorage>
        <location>
            <x_pos>8</x_pos>
            <y_pos>8</y_pos>
            <wlan_id>7</wlan_id>
            <attractiveness>1</attractiveness>
        </location>
        <hosts>
            <host>
                <core>4</core>
                <mips>9600</mips>
                <ram>2000</ram>
                <storage>8000</storage>
                <VMs>
                    <VM vmm="Xen">
                        <core>1</core>
                        <mips>2400</mips>
                        <ram>500</ram>
                        <storage>2000</storage>
                    </VM>
                    <VM vmm="Xen">
                        <core>1</core>
                        <mips>2400</mips>
                        <ram>500</ram>
                        <storage>2000</storage>
                    </VM>
                    <VM vmm="Xen">
                    	<core>1</core>
                    	<mips>2400</mips>
                    	<ram>500</ram>
                    	<storage>2000</storage></VM>
                    <VM vmm="Xen">
                    	<core>1</core>
                    	<mips>2400</mips>
                    	<ram>500</ram>
                    	<storage>2000</storage></VM>
                </VMs>
            </host>
        </hosts>
    </datacenter>
    <datacenter arch="x86" os="Linux" vmm="Xen">
        <costPerBw>0.1</costPerBw>
        <costPerSec>3.0</costPerSec>
        <costPerMem>0.05</costPerMem>
        <costPerStorage>0.1</costPerStorage>
        <location>
            <x_pos>9</x_pos>
            <y_pos>9</y_pos>
            <wlan_id>8</wlan_id>
            <attractiveness>1</attractiveness>
        </location>
        <hosts>
            <host>
                <core>2</core>
                <mips>3800</mips>
                <ram>1000</ram>
                <storage>8000</storage>
                <VMs>
                    <VM vmm="Xen">
                        <core>1</core>
                        <mips>1500</mips>
                        <ram>300</ram>
                        <storage>2000</storage>
                    </VM>
                    <VM vmm="Xen">
                        <core>1</core>
                        <mips>1500</mips>
                        <ram>300</ram>
                        <storage>2000</storage>
                    </VM>
                </VMs>
            </host>
        </hosts>
    </datacenter>
    <datacenter arch="x86" os="Linux" vmm="Xen">
        <costPerBw>0.1</costPerBw>
        <costPerSec>3.0</costPerSec>
        <costPerMem>0.05</costPerMem>
        <costPerStorage>0.1</costPerStorage>
        <location>
            <x_pos>10</x_pos>
            <y_pos>10</y_pos>
            <wlan_id>9</wlan_id>
            <attractiveness>3</attractiveness>
        </location>
        <hosts>
            <host>
                <core>4</core>
                <mips>9600</mips>
                <ram>2000</ram>
                <storage>8000</storage>
                <VMs>
                    <VM vmm="Xen">
                        <core>1</core>
                        <mips>2400</mips>
                        <ram>500</ram>
                        <storage>2000</storage>
                    </VM>
                    <VM vmm="Xen">
                        <core>1</core>
                        <mips>2400</mips>
                        <ram>500</ram>
                        <storage>2000</storage>
                    </VM>
                    <VM vmm="Xen">
                    	<core>1</core>
                    	<mips>2400</mips>
                    	<ram>500</ram>
                    	<storage>2000</storage></VM>
                    <VM vmm="Xen">
                    	<core>1</core>
                    	<mips>2400</mips>
                    	<ram>500</ram>
                    	<storage>2000</storage></VM>
                </VMs>
            </host>
        </hosts>
    </datacenter>
    <datacenter arch="x86" os="Linux" vmm="Xen">
        <costPerBw>0.1</costPerBw>
        <costPerSec>3.0</costPerSec>
        <costPerMem>0.05</costPerMem>
        <costPerStorage>0.1</costPerStorage>
        <location>
            <x_pos>11</x_pos>
            <y_pos>11</y_pos>
            <wlan_id>10</wlan_id>
            <attractiveness>1</attractiveness>
        </location>
        <hosts>
            <host>
                <core>4</core>
                <mips>9600</mips>
                <ram>2000</ram>
                <storage>8000</storage>
                <VMs>
                    <VM vmm="Xen">
                        <core>1</core>
                        <mips>2400</mips>
                        <ram>500</ram>
                        <storage>2000</storage>
                    </VM>
                    <VM vmm="Xen">
                        <core>1</core>
                        <mips>2400</mips>
                        <ram>500</ram>
                        <storage>2000</storage>
                    </VM>
                    <VM vmm="Xen">
                    	<core>1</core>
                    	<mips>2400</mips>
                    	<ram>500</ram>
                    	<storage>2000</storage></VM>
                    <VM vmm="Xen">
                    	<core>1</core>
                    	<mips>2400</mips>
                    	<ram>500</ram>
                    	<storage>2000</storage></VM>
                </VMs>
            </host>
        </hosts>
    </datacenter>
    <datacenter arch="x86" os="Linux" vmm="Xen">
        <costPerBw>0.1</costPerBw>
        <costPerSec>3.0</costPerSec>
        <costPerMem>0.05</costPerMem>
        <costPerStorage>0.1</costPerStorage>
        <location>
            <x_pos>12</x_pos>
            <y_pos>12</y_pos>
            <wlan_id>11</wlan_id>
            <attractiveness>1</attractiveness>
        </location>
        <hosts>
            <host>
                <core>4</core>
                <mips>9600</mips>
                <ram>2000</ram>
                <storage>8000</storage>
                <VMs>
                    <VM vmm="Xen">
                        <core>1</core>
                        <mips>2400</mips>
                        <ram>500</ram>
                        <storage>2000</storage>
                    </VM>
                    <VM vmm="Xen">
                        <core>1</core>
                        <mips>2400</mips>
                        <ram>500</ram>
                        <storage>2000</storage>
                    </VM>
                    <VM vmm="Xen">
                    	<core>1</core>
                    	<mips>2400</mips>
                    	<ram>500</ram>
                    	<storage>2000</storage></VM>
                    <VM vmm="Xen">
                    	<core>1</core>
                    	<mips>2400</mips>
                    	<ram>500</ram>
                    	<storage>2000</storage></VM>
                </VMs>
            </host>
        </hosts>
    </datacenter>
    <datacenter arch="x86" os="Linux" vmm="Xen">
        <costPerBw>0.1</costPerBw>
        <costPerSec>3.0</costPerSec>
        <costPerMem>0.05</costPerMem>
        <costPerStorage>0.1</costPerStorage>
        <location>
            <x_pos>13</x_pos>
            <y_pos>13</y_pos>
            <wlan_id>12</wlan_id>
            <attractiveness>1</attractiveness>
        </location>
        <hosts>
            <host>
                <core>2</core>
                <mips>3800</mips>
                <ram>1000</ram>
                <storage>8000</storage>
                <VMs>
                    <VM vmm="Xen">
                        <core>1</core>
                        <mips>1500</mips>
                        <ram>300</ram>
                        <storage>2000</storage>
                    </VM>
                    <VM vmm="Xen">
                        <core>1</core>
                        <mips>1500</mips>
                        <ram>300</ram>
                        <storage>2000</storage>
                    </VM>
                </VMs>
            </host>
        </hosts>
    </datacenter>
    <datacenter arch="x86" os="Linux" vmm="Xen">
        <costPerBw>0.1</costPerBw>
        <costPerSec>3.0</costPerSec>
        <costPerMem>0.05</costPerMem>
        <costPerStorage>0.1</costPerStorage>
        <location>
            <x_pos>14</x_pos>
            <y_pos>14</y_pos>
            <wlan_id>13</wlan_id>
            <attractiveness>1</attractiveness>
        </location>
        <hosts>
            <host>
                <core>2</core>
                <mips>3800</mips>
                <ram>1000</ram>
                <storage>8000</storage>
                <VMs>
                    <VM vmm="Xen">
                        <core>1</core>
                        <mips>1500</mips>
                        <ram>300</ram>
                        <storage>2000</storage>
                    </VM>
                    <VM vmm="Xen">
                        <core>1</core>
                        <mips>1500</mips>
                        <ram>300</ram>
                        <storage>2000</storage>
                    </VM>
                </VMs>
            </host>
        </hosts>
    </datacenter>
</edge_devices>

